CustomName,CustomID,CustomEmail,CustomPhone
Tony,1,1111@yahoo.com.tw,88692223345
John,2,222@yahoo.com.tw,88692223346
Cindy,3,1112@yahoo.com.tw,88692223347
Andy,4,121@google.com,88692223348
Anna,5,123@gmail.com,88692223349
Frank,6,141@yahoo.com,88692223350
Friend,7,1234@mail.com,88692223351
Cindy,8,tonywww@gmail.com,88692223352
Jerry,9,jerrrt@gmail.com,88692223353
Tony,10,kwwed@gmail.com,88692223354
Amy,11,heee@gmail.com,88692223355
Alex,12,Hen@gmail.com,88692223356
Judy,13,Alex@gmail.com,88692223357
Alex,14,jim@gmail.com,88692223358